month,note
january 2025,New beginnings await. The crisp winter air brings clarity and fresh perspectives. Time to set intentions for the year ahead.
february 2025,Love is in the air. Whether celebrating with others or practicing self-love this month reminds us of the connections that matter most.
march 2025,Daffodils are a sure sign spring is very much on the way. The birth flower of March a symbol of Wales and named after the greek myth Narcissus. Their bright yellow and white hues are often associated with positivity, hope, and joy.
april 2025,April showers bring May flowers. A time of renewal and growth when nature awakens from its winter slumber.
may 2025,The world is in full bloom. Gardens burst with color and life celebrates its abundance in every corner.
june 2025,Summer solstice marks the longest day. Time to bask in the warmth and light of the season.
july 2025,Peak summer brings long days and warm nights. Perfect for adventures and making memories under the stars.
august 2025,The height of summer's glory. Golden fields and lazy afternoons invite us to slow down and savor the moment.
september 2025,Autumn whispers its arrival. The harvest moon rises as we prepare for the season of gratitude and reflection.
october 2025,Fall foliage paints the world in warm hues. A reminder that there is beauty in letting go and embracing change.
november 2025,Gratitude fills the air as we gather with loved ones. The cozy season invites us to count our blessings.
december 2025,The year draws to a close with twinkling lights and warm hearts. A time for celebration reflection and hope for the future.
